target,count,share
class3,3044,0.95125
class2,99,0.0309375
class1,57,0.0178125
