target,count,share
class3,2932,0.91625
class2,187,0.0584375
class1,81,0.0253125
