target,count,share
class3,2931,0.9159375
class2,187,0.0584375
class1,82,0.025625
