target,count,share
class3,2931,0.9159375
class2,189,0.0590625
class1,80,0.025
