target,count,share
class3,2921,0.9128125
class2,197,0.0615625
class1,82,0.025625
