ID,target,f1,f2,f3,f4,f5,f6,f7,f8,f9,f10,f11,f12,f13,f14,f15,f16,f17,f18,f19,f20,f21,predicted,confidence,proba_class1,proba_class2,proba_class3
1738,class3,0.85,0.024,0,0,0,0,0,0,0.066,0.0073,0,0,1,0.061,0,0,0,0,0,0.109,0,class1,0.7798595008987943,0.7798595008987943,0.08049100533634343,0.13964949376486238
2269,class3,0.38,0.0469,0,0,0,0,0,0,0.123,0.0079,0,0,0,0.445,0,0,0,0,0,0.028,0,class2,0.9096351889712014,0.0014726250871665556,0.9096351889712014,0.08889218594163187
2426,class3,0.6,0.0206,0,0,0,0,0,0,0.045,0.0065,0,0,0,0.096,0,0,0,0,0,0.047,0,class2,0.9444294050057863,0.006608835588042172,0.9444294050057863,0.048961759406171576
2458,class3,0.79,0.034,0,0,0,0,0,0,0.094,0.01209,0,0,0,0.102,0,0,0,0,0,0.092,0,class2,0.9515830397610531,0.0012619152212261604,0.9515830397610531,0.047155045017720776
