ID,best_pred,engineered_pred,f10,f10_threshold,f10_minus_threshold,f14,f14_threshold,f14_minus_threshold,f20,f20_threshold,f20_minus_threshold,f1,f1_threshold,f1_minus_threshold,f2,f2_threshold,f2_minus_threshold,f9,f9_threshold,f9_minus_threshold
10975,class1,class3,0.0064,0.00605,0.0003500000000000005,0.059,0.064465,-0.005464999999999998,0.068,0.1425,-0.07449999999999998,0.87,0.845,0.025000000000000022,0.0005,0.016,-0.0155,0.04,0.1535,-0.11349999999999999
12671,class1,class3,0.032,0.00605,0.02595,0.062,0.064465,-0.002464999999999995,0.089,0.1425,-0.05349999999999999,0.85,0.845,0.0050000000000000044,0.0096,0.016,-0.006400000000000001,0.055,0.1535,-0.0985
