target,count,share
class3,2929,0.9153125
class2,189,0.0590625
class1,82,0.025625
