target,count,share
class3,2952,0.9225
class2,183,0.0571875
class1,65,0.0203125
