target,count,share
class3,3042,0.950625
class2,101,0.0315625
class1,57,0.0178125
