feature,tree_importance
f10,0.6262901975857094
f14,0.20822565985754354
f12,0.10273401302911922
f9,0.0300496988110174
f17,0.021582086087637883
f20,0.004783369217760034
f1,0.003784530765139904
f2,0.0025504446460725395
f19,0.0
f18,0.0
f16,0.0
f15,0.0
f11,0.0
f13,0.0
f8,0.0
f7,0.0
f6,0.0
f5,0.0
f4,0.0
f3,0.0
f21,0.0
